,Unnamed: 0,id,keyword,location,text,target
4039,2766,3975,devastation,Devon/London ,The devastation when you smash your phone ??????????????????????????,0
3815,922,1335,blown%20up,"801 SL,UT",Damn greinke got blown up in that first inning,0
848,5014,7150,mudslide,"Edinburgh, Scotland",@Pete_r_Knox @Gemmasterful I think the mudslide cake lady will go and the hipster will unfortunately stay.,0
4863,5353,7641,pandemonium,the Refrigerator ,Photo: deadgirltalking: unfortunemelody: jaylenejoybeligan: tarynel: dredougie: santanico-pandemonium:... http://t.co/PvKgo79JnI,0
79,7576,10827,wrecked,,He just wrecked all of you http://t.co/y46isyZkC8,0
2480,6013,8586,screams,"Florida, USA",The little girl next to me sees the spot lights in the sky and screams ' mom! Look I see Angels in the sky!' ????,1
3539,3924,5580,flood,New York,2pcs 18W CREE Led Work Light  Offroad Lamp Car Truck Boat Mining 4WD FLOOD BEAM - Full reaÛ_ http://t.co/ApWXS5Mm44 http://t.co/DS76loZLSu,1
2498,6077,8683,sinkhole,In the potters hands,Sinkhole on west side damaging cars via @WEWS http://t.co/S7grbZNwlr,1
4593,2774,3990,devastation,"Denver, CO",$10M SETTLEMENT attained using our illustrations to help jurors understand the true devastation of internal injuries: http://t.co/2BaXg1WdPP,1
4302,7193,10305,weapon,Central Florida,BREAKING: Obama Officials GAVE Muslim Terrorist the Weapon Used in Texas Attack http://t.co/RJcaxjp4oS,1
764,3166,4544,emergency,,I'm glad when I call someone it's not an emergency since they never answer their phones or call back??,0
33,6386,9126,suicide%20bomb,,wo Pic of 16yr old PKK suicide bomber who detonated bomb in Turkey Army trench released http://t.co/5v29w19tFX /'/'//,1
2373,5030,7173,mudslide,plymouth,@brobread looks like mudslide????,1
2970,3702,5266,fear,,cause i know every man has a fear of a strong-minded woman but I say she's a keeper if she got it on her own and keeps it runnin,0
1773,4093,5818,hail,,Heavy rain and lightning overhead in Oakridge SW Calgary - at least it will melt the hail......#yycstorm #ABStorm,1
683,3066,4398,electrocute,Here.,@Adanne___ kindly follow back,0
3779,6812,9759,trapped,"PA, USA","Leitchfield KY:

 Bella Edward &amp; Rosalie need rescue/adoption/local foster home(s)/sponsorships.

 Trapped &amp;... http://t.co/Ajay0sNPlg",1
254,6503,9297,survive,United States,AHH forgot my headphones how am I supposed to survive a day without music AYHHHHHDJJFJRJJRDJJEKS,0
2722,1004,1456,body%20bagging,,WWE 2k15 MyCareer EP18 Tyrone body bagging dudes: http://t.co/mr5bI4KD82 via @YouTube,0
3755,5443,7764,police,Republic of Texas,"Why Are #BAYONETS Being Distributed To Local Police Departments?
@RandPaul wants to know

https://t.co/XB8nfxaBUM

#EvilEmpire
#JadeHelm15",0
4535,4729,6725,lava,USA,Deal of The Day : http://t.co/US0qQqhQVj Brand New DSERIALPCILP Lava Computer PCI Bus Dual Serial 16550 Board  #eÛ_ http://t.co/l0b14SJ7JB,0
3733,1645,2375,collapsed,Suplex City,@durrellb Prices here are insane. Our dollar has collapsed against the US and it's punishing us. Thanks for the info.,1
1777,1628,2351,collapse,Worldwide.,åÈMGN-AFRICAå¨ pin:263789F4 åÈ Correction: Tent Collapse Story: Correction: Tent Collapse story åÈ http://t.co/fDJUYvZMrv @wizkidayo,0
5083,3171,4550,emergency%20plan,"Alexandria, VA, USA",See Aug 4 2015 PoconoRecord @EmergencyMgtMag - How Many Households Have an #Emergency Plan? | http://t.co/7zlsUmIess http://t.co/TdccH01N7q,1
3653,3057,4385,earthquake,Desde Republica Argentina,#Sismo M 1.3 - 1km NNE of The Geysers California: Time2015-08-05 23:40:21 UTC2015-08-05 16:40:21 -07:00 a... http://t.co/x6el3ySYcn #CS,0
4558,4364,6199,hijacker,"Fort Collins, CO",Remove the http://t.co/JAb541hHk0 and Linkury Browser Hijacker http://t.co/Je6Zjwh5uB http://t.co/fDxgmiwAEh,1
497,120,173,aftershock,"Oshawa, Canada",#WisdomWed BONUS - 5 Minute Daily Habits that could really improve your life. How many do you already do? #lifehacks http://t.co/TBm9FQb8cW,0
4994,1275,1837,burned,Long Island NY & San Francisco,I spent 17 minutes walking with RunKeeper. 90 calories burned. #LoseIt,0
996,1289,1861,burned,,Mad River Complex fires have burned 14028 acres 8% contained: The Mad River Complex fires in Trinity County ... http://t.co/LfNIPpNOtO,1
3742,3367,4823,evacuation,,VIETNAM WAR PATCH US 71st EVACUATION HOSPITAL HIGHLAND MEDICS http://t.co/kIF7M3FQLx http://t.co/Oz6vlWwTNR,1
240,1359,1961,burning%20buildings,"Copenhagen, Capital Region of Denmark","dog rendered a kitten from burning buildings
https://t.co/9cpWIEcEGv http://t.co/rZLYtneZ2u",1
4547,5177,7386,obliterate,EIC,Watch Sarah Palin OBLITERATE Planned Parenthood For Targeting Minority Women! ÛÒ BB4SP http://t.co/fqMYprlG9g,0
2181,3471,4966,explosion,,Report: Corey Brewer was drug tested after 51-point explosion http://t.co/HhlLQCkcEP,1
333,3282,4708,epicentre,,How a little studio in the middle of nowhere is becoming the epicentre of communication. http://t.co/iCRgseAGYA http://t.co/KpvYmHM2uB,0
2895,3814,5418,first%20responders,,First responders would never be sent to the wrong address again w/ #SmartTek's GPS-based panic button #mPERS #safety http://t.co/3OionqlFQL,0
2942,6083,8690,sinkhole,,There's a sinkhole in Brooklyn ?!,1
1272,118,171,aftershock,Switzerland,320 [IR] ICEMOON [AFTERSHOCK] | http://t.co/THyzOMVWU0 | @djicemoon | #Dubstep #TrapMusic #DnB #EDM #Dance #IcesÛ_ http://t.co/83jOO0xk29,0
3862,1314,1898,burning,,If you're bored with life if you don't get up every morning with a burning desire to do things - you don't have enough goals. -Lou Holtz,0
1919,5624,8023,refugees,EspaÌ±a,@ViralSpell: 'Couple spend wedding day feeding 4000 Syrian refugees. http://t.Û_ http://t.co/I1VPkQ9yAg see more http://t.co/tY5GAvn7uk,0
555,4387,6233,hijacker,,How to Remove Softenza Hijacker? Softenza Anthelmintic Nature book Drawing out Help SEA,0
1965,3830,5449,first%20responders,"Washington, DC",Some good info to help first responders cope- Individual Resilience: Factsheet for Responders- http://t.co/FcFpijiqt5,0
624,283,413,apocalypse,,the apocalypse is upon us,0
3127,3093,4440,electrocute,CA,Photo: weallheartonedirection: I wouldnÛªt let David electrocute himself so IÛªm the asshole http://t.co/OEr5Hh41Ew,0
491,6064,8663,sinkhole,,beforeitsnews : A sinkhole grows in Brooklyn: six-meter crater swallows street Û_ http://t.co/QWo7q1AMh8) http://t.co/esRkmazEq9,1
23,6395,9141,suicide%20bomb,WorldWide,New post: Pic of 16yr old PKK suicide bomber who detonated bomb in Turkey Army trench released http://t.co/LWDcrPEhTN,1
4792,1986,2857,damage,"Bartholomew County, Indiana",FYI: ;ACCIDENT PROPERTY DAMAGE;3460 LIMESTONE LN;COL;YELLOWSTONE WAY;FIELDSTONE DR;08/05/2015 19:36:35,1
501,6118,8734,sinking,"Duval, WV 25573, USA ?",Do you feel like you are sinking in unhappiness? Take the quiz: http://t.co/BTjPEO0Bto http://t.co/ClyJ32L333,0
1405,2671,3833,detonate,back in japan ??????????,"Detonate (feat. M?.?O?.?P?.?)
from Grandeur by Apollo Brown http://t.co/GFDhFMPCEl",0
1921,4515,6416,hurricane,USA,Grace: here are damage levels USA style.. #Taiwan #China #world hurricane/typhoon ratings/categories defined again http://t.co/OdYdT9QPk1,1
239,3574,5106,famine,Telangana,Maratha raiders scorched their lands &amp; Punjab refused them food aid during the 1943 famine wonder if Bengalis harbor some 'hard feelings',1
4641,2065,2960,dead,"Orlando, FL",Naaa I bee dead.. Like a legit zombie .. I feel every sore part in my body ?? https://t.co/J4fSDPfA63,0
4011,2075,2980,dead,,Don avoid wearing dead black flaming red and stark white so much and esp. at debate; go with your blue gold brown even to shoes; and,0
2098,3669,5223,fatality,,@hrips_k when u do a fatality and like the corpse is still jittering,1
2226,3586,5124,fatal,Quincy,Man accused in fatal hit-and-run to get new judge http://t.co/j3Rtf2dt3X via @KHQA,0
1870,1846,2656,crush,Houma La,Womem Crush Wednesday ?????????????????? @mommyisbomb,0
1338,3237,4649,engulfed,"Fredonia,NY",Just saw a car on the I-77 Fully engulfed in flames hahah,1
3323,10,16,,,Three people died from the heat wave so far,1
2394,78,113,accident,North Carolina,I-77 Mile Marker 31 to 40 South Mooresville  Iredell Vehicle Accident Congestion at 8/6 1:18 PM,1
2414,2672,3834,detonate,,IÛªve just signed up for the Detonate Nottingham Autumn Launch Party. Register here: http://t.co/Km8uCIHrRN,0
4538,1012,1470,body%20bagging,Every where,Woke up to Drake body bagging Meek again!! Meek u can't out spit ya girlfriend... Just lay down Man.... NOT Right... http://t.co/6CraEKc9wb,0
429,1647,2377,collapsed,"Kingston, Jamaica",Another entity forced to close in Montego Bay as a result of the collapsed sewer line #TVJNews,1
4254,3584,5120,fatal,Somewhere with Clyde,@_AsianShawtyy ?????????? I'm sorry. But I'm out,0
3704,6656,9539,terrorist,MAD as Hell,RT AbbsWinston: #Zionist #Terrorist kidnapped 15 #Palestinians in overnight terror on Palestinian Villages Û_ http://t.co/J5mKcbKcov,1
4096,3823,5439,first%20responders,Aberdeenshire,US wants future first responders to be more high-tech - http://t.co/1VI2RNbK2i,0
422,4516,6417,hurricane,,AngelRiveraLibÛ_ #Snowden 'may have' broken laws? Hurricane Katrina may have caused some damage. http://t.co/jAaWuiOvdc Without Snowden hÛ_,1
3727,4021,5712,forest%20fire,PDX,BE CAREFUL anyone who lives west of Beaverton. Forest Grove has a rapidly spreading fire heading east,1
803,4038,5734,forest%20fire,Atlanta,How is it one careless match can start a forest fire but it takes a whole box to start a campfire,0
4168,7103,10176,violent%20storm,Milky Way galaxy ,Jupiter's Great Red Spot is a violent storm larger than the entire Earth. http://t.co/I5k3VjICMG http://t.co/cizJAFnm4E,0
1751,6728,9642,thunderstorm,South Carolina,Strong Thunderstorm 4 Miles East of Pickens Moving NE At 20 MPH. Pea Size Hail and Wind Gusts Up to 40 MPH... #scwx http://t.co/TsaLetFtkt,1
1813,4418,6281,hijacking,,The Murderous Story Of AmericaÛªs First Hijacking http://t.co/LK5uqKOP1e,1
2077,6502,9296,survive,,I have my final tomorrow ?????? . Ish is stressful  but I'll survive,0
1554,1381,1991,bush%20fires,beacon hills ,@dacherryontop13 ohh there are bush fires in Spain like every year one time when we went swimming there were planes getting water to fight,1
4237,5467,7801,quarantine,Bucharest,#Reddit updates #content #policy promises to quarantine Û÷extremely offensiveÛª communities http://t.co/EHGtZhKAn4,1
1417,4140,5887,harm,,"sticks and stones may break my bones
but words will never harm me",0
2916,3591,5130,fatal,Thane,11-Year-Old Boy Charged With Manslaughter of Toddler: Report: An 11-year-old boy has been charged with manslaughter over the fatal sh...,1
3630,832,1209,blizzard,"Houston,  TX",@Blizzard_draco @LoneWolffur I need this.,0
4001,3596,5136,fatal,"Haddonfield, NJ",Deputies: Dog dispute leads to fatal shooting in Person County http://t.co/OazgHoZGYa #gunfail #nra,1
2951,5451,7773,police,Indonesia,Oops: Bounty hunters try to raid Phoenix police chief's home http://t.co/u30n3fFX8Y,0
2053,7,13,,,I'm on top of the hill and I can see a fire in the woods...,1
1879,3659,5209,fatalities,"Lima, Ohio",Message boards will display updated traffic fatalities (up from 582) and new message beginning today: Traffic deaths 616 - Slow for Workers.,1
3802,5754,8214,riot,,"@abran_caballero Discovered by @NickCannon 
 Listen/Buy @realmandyrain #RIOT on @iTunesMusic @iTunes https://t.co/dehMym5lpk Û_ #BlowMandyUp",0
733,2893,4157,drown,,When you lowkey already know you're gonna drown in school this year :) http://t.co/aCMrm833zq,0
927,289,423,apocalypse,,And that's because on my planet it's the lone audience of the apocalypse!,0
3132,1098,1588,bombed,,I can't believe @myfriendmina photo bombed a screenshot,0
65,2759,3962,devastation,contactSimpleNews@gmail.com,70 Years After Atomic Bombs Japan Still Struggles With War Past: The anniversary of the devastation wrought b... http://t.co/LtVVPfLSg8,1
3097,6274,8965,storm,Mackem in Bolton,Every time I buy a bag for life I think I've got 3 days left to live.,0
2847,1316,1900,burning,"Paradise, NV",Uhhhhh demon hunters. But not the whole Burning Crusade v 2.0 thing.  https://t.co/oPtpS1lgKC,0
2317,4066,5778,forest%20fires,"Vancouver, BC",Forest fires could delay @AbbyAirshow but officials say it could be a good thing http://t.co/Vxjcx8uKMd,1
1322,3074,4410,electrocute,Naperville,Electrocute yourself,0
1532,3817,5425,first%20responders,,Carmike Cinemas on Antioch Shooting: 'We Are Grateful' for Staff and First Responders Safety Is 'Highest Priority' http://t.co/BehfHspPud,1
952,2600,3730,destroyed,"BodÌü, Norge",A person who blows himself up to kill others has no life in heaven because his ethereal body gets destroyed by doing it.,0
4353,732,1058,bleeding,"Island Lake, IL",@Jannet2208 I fell off someone's back and hit my head on concrete /: I was bleeding n shit,0
4043,4720,6711,lava,,Lava Dragon Breeder! I just bred a Lava Dragon in DragonVale! Visit my park to check it out! http://t.co/QGum9xHEOs,0
3666,722,1043,bleeding,"Baltimore, MD",@DarrylB1979 yea heard about that..not coming out until 2017 and 2019 ?????? Vampiro is bleeding,0
1168,5960,8511,screaming,Justin and Ariana follow,MY FAVS I'M SCREAMING SO FUCKING LOUD http://t.co/cP7c1cH0ZU,0
416,720,1041,bleeding,,Apparently if you're bleeding people look at you weird lol well it's fine keep walking,0
1732,7302,10449,wild%20fires,USA,#FOXDebateQuestions:  To what degree has Obama's efforts to institute Sharia Law exacerbated the California wild fires?,1
3181,1435,2070,casualty,"Santa Monica, CA",1st Quality Insurance Group is #hiring Licensed Property &amp; Casualty Insurance Agent Produc http://t.co/VMJRtuVmh4 #jobs #Denver,0
2182,6054,8653,sinkhole,Canada,@Azimel 'Screaming Mad Scientist deceased after tumbling over heels and falling into sinkhole during investigation',0
1632,2194,3142,debris,Hong Kong,Malaysia confirms Reunion Island debris is from MH370 http://t.co/1bEeGWRsis @SCMP_News http://t.co/drcuLIYp0T,1
3427,6153,8778,siren,,Don't argue cheap now. You're better than that. ??,0
84,6317,9029,stretcher,"Amazon Seller , Propagandist",Keep shape your shoes ??#Amazon #foot #adjust #shape #shoe Mini Shoe Tree Stretcher Shaper Width Extender Adjustable http://t.co/8cPcz2xoHb,1
2059,2274,3262,demolish,,Enugu State government appears set to recover some portion of the Enugu International Conference Ce... http://t.co/w56CF75mXE #badotweet,0
4533,2849,4095,displaced,Palestine ,@cityofhummus @ILNewsFlash do you want to hear more? Displaced my parents until both died in the diasporas !,0
1432,5325,7603,pandemonium,Scotland,@J3Lyon I'm going to put the FFVII ones out at the weekend so I think Pandemonium! (Don't forget the exclamation mark) would be midweek.,0
4870,1282,1848,burned,,Holy fuck QVC bitch just got burned so hard.,0
4654,7263,10398,whirlwind,The Sun's Corona,It was a whirlwind love affair that began over back fat and grew into much more.,0
1183,6626,9490,terrorism,,"Truth...
https://t.co/4ZQrsAQrRT
#News
#BBC
#CNN
#Islam
#Truth
#god
#ISIS
#terrorism
#Quran
#Lies http://t.co/6ar3UKvsxw",1
2575,7012,10052,twister,Long Island,@mrsbinker @EmilioRivera48 @davidlabrava Mine are Diesel and Twister both small for the breed but very strong! I have a beautiful pug too,0
3400,6908,9906,traumatised,,@ArgentaElite haha traumatised !!!! Hell no I want a job ?? xxx,0
4361,5161,7360,obliterate,Miami via Lima,GOP debate tonight but no Jon Stewart next week to obliterate them ?? #JonVoyage,0
2822,7246,10376,weapons,"( ?å¡ ?? ?å¡), ",I liked a @YouTube video from @dannyonpc http://t.co/AD38KWoGlh Battlefield Hardline - 11 NEW WEAPONS - New map - Throwingknifes!,0
393,4262,6056,heat%20wave,,It's a heat wave. #Squad #RevItUp #PizzaRev http://t.co/bp8bm8xSXw,1
106,6143,8762,siren,Brizzle City !,@tomarse99 they all are intending to go. Just waiting for winds to drop. Siren just gone off to signal they allowed to leave arena.none gone,1
2705,3635,5184,fatalities,,The X-rays in MKX be looking like fatalities.,0
3161,7036,10082,typhoon,"Santiago,RepÌ¼blica Dominicana",Obama Declares Disaster for Typhoon-Devastated Saipan: Obama signs disaster declaration for Northern Marians a... http://t.co/BHZr9UgUs2,1
2067,3867,5498,flames,,'Bloody 'ell! Let it burn!' #RubyBot,0
3286,2030,2913,danger,"Loughborough, England",What is this? Like I could be in danger or something,1
2103,3062,4393,earthquake,London,'There was a small earthquake in LA but don't worry Emmy Rossum is fine',1
1840,5058,7208,natural%20disaster,"Newcastle Upon Tyne, England",@TwopTwips make natural disaster reporting more interesting by adding 'The' to headlines such as 'Rescuers are sifting through the wreckage',0
5093,3772,5355,fire,,Fire waves and darkness,0
2527,2725,3914,devastated,London,ÛÏRichmond Coaches were devastated to hear of the death of their second driver Mr Chance who was sittingÛ_: Jam... http://t.co/dIalTa6t69,1
3443,6236,8905,snowstorm,"Hampshire, UK",New #photo Oak in a snowstorm http://t.co/HK9Yf72OVA taken in #winter on the #SouthDowns #Hampshire #photography #art #tree #treeporn,1
1344,1123,1619,bombed,My old New England home,I liked a @YouTube video http://t.co/FX7uZZXtE4 Benedict Cumberbatch Gets Video Bombed,0
3967,5622,8020,refugees,,...//..// whao.. 12000 Nigerian refugees repatriated from Cameroon http://t.co/baE0Ap4G9Y,1
1419,7074,10132,upheaval,,Acquire your postexistence straight a elevation in addition to upheaval ideas yet perquisite: bRZjc,0
1483,3555,5080,famine,"In #Fairie, where else? ;-)",'She tasted like a feast after a famine. And he was starving.' TRUSTING JACK @writes4coffee http://t.co/sTo58qa94c #IARTG #RWA #tw4rw #RRBC,0
468,7240,10368,weapons,"Vermont, USA",I think this is my plan for retirement. Check out the weapons of mass instruction! #bookmobile #libraries #reading http://t.co/L2NMywrmq2,0
8,5198,7421,obliterated,The Wood,God the @mets are so cocky right now and I love it. Uribe OBLITERATED that ball then strutted the fuck out of the batters box...,0
1666,1134,1634,bombing,,Japan on Thursday marks the 70th anniversary of the atomic bombing of Hiroshima with the most senior official from Washington ever scheduleÛ_,1
889,1988,2860,damage,My mind is my world,And here I was complaining about Phoenix Mode in Fire Emblem. Turns out Ray Gigant will have a 'difficulty' option where you take 0 damage.,0
4239,5127,7312,nuclear%20reactor,,@RobertHarding @RepJohnKatko Crazy to use the Netanyahu argument Iran can flush A NUCLEAR REACTOR DOWN THE TOILET,1
2380,147,211,airplane%20accident,,Experts in France begin examining airplane debris found on Reunion Island: French air accident experts on Wednesday began examining t...,1
157,113,163,aftershock,Belgium,Aftershock https://t.co/xMWODFMtUI,0
3285,3160,4537,emergency,Southern Maine,Former heroin addict shares story as city leaders sound alarm: City officials said emergency teams responded t... http://t.co/GZxIPMOknB,1
2319,7352,10524,wildfire,,For those impacted by the #CalWildfires here are some great recovery tips to help you in the aftermath http://t.co/wwxbGuBww5,1
1491,2078,2984,dead,"ÌÏT: -26.695807,27.837865",@kg4vaal lmaov.v hard the 'Ny' is the the new trend babalmao...welcome to Nyozi kwaAaaA#dead,0
3488,4501,6398,hurricane,,They should name hurricanes with black people names. I'd be terrified of hurricane Shanaynay!,0
2164,6216,8869,smoke,atlanta,@TheTshirtKid I'm tryna smoke that MF out,0
681,777,1124,blew%20up,"Ottawa, Canada",Zayn just blew up twitter.,0
4793,1369,1973,bush%20fires,"iPhone: -27.499212,153.011072",@marcoarment Middle of winter in Sydney we have had snow bush fires and 78 degree days in the last week.  Keeps you on your toes for sure.,1
2115,2361,3397,demolition,"California, USA",Seven Chinese Christians Are Detained Amid Widespread Anger Over Cross Demolition http://t.co/65xR1p9sOO,1
4139,2814,4046,disaster,"Los Angeles, California",Teen Disaster Preparedness Event in Van Nuys August 11 @ 5:30pm http://t.co/fXUX987vZx via @VanNuysCouncil,0
4627,154,220,airplane%20accident,sri lanka,Horrible Accident Man Died In Wings of Airplane (29-07-2015) http://t.co/TfcdRONRA6,1
2715,714,1032,bleeding,,you could slit my throat and I'd apologize for bleeding on you,0
2598,4153,5902,harm,i love you zayn,If anything happens I will fucking fly 2 MetLife which is 3 hours away from me&amp;beat d crap out of any1 who tries 2 harm d boys #OTRATMETLIFE,0
4259,1256,1812,buildings%20on%20fire,nj,I just wanted to watch Paper Towns but the buildings on fire ?????,1
1501,4412,6272,hijacking,Brazil,#hot  Funtenna: hijacking computers to send data as sound waves [Black Hat 2015] http://t.co/G62txymzBv #prebreak #best,0
2642,649,940,blaze,"Fresno, CA",Love living on my own. I can blaze inside my apt or on the balcony,1
2789,3673,5228,fatality,"Fort Wayne, IN",Kosciusko police investigating pedestrian fatality hit by a train Thursday http://t.co/JILfbR0UfP,1
29,782,1132,blight,Sydney,As a cycling fan I feel sorry for world athletics #doping is a blight exacerbated monetary reward. A lot of soul searching will be required,0
2138,3253,4674,engulfed,Newcastle,Why are you engulfed by low self-image? Take the quiz: http://t.co/CImUbwEyiB http://t.co/9R5FstS7Bd,0
3877,3530,5046,eyewitness,UK,RT patrickjbutler: Excellent damiengayle eyewitness account of Kids Company closure: 'You drop the bomb and expectÛ_ http://t.co/pHH1VmLfoo,1
2788,3291,4717,evacuate,,California &amp;#039;monster&amp;#039; fire is 20% contained as 13000 are told to evacuate http://t.co/aPTAP6Yx1r,1
3830,2151,3086,deaths,Blackpool,"Cancers equate for around 25% of all deaths in #Blackpool. 

Kowing the signs could save your life: http://t.co/5lNIdvoBff
#BeClearOnCancer",1
1972,5873,8390,ruin,"Des Moines, IA",I'll ruin my life if I have to.,0
4133,2122,3049,death,?s????ss? a?????,Ari's hints and snippets will be the death of me.,0
1424,6754,9675,tornado,"Fort Knox, KY 40121",@SakhalinTribune Calgary area tornado warnings end as thunderstorms move eastward,1
3289,4069,5783,forest%20fires,,When ur friend and u are talking about forest fires in a forest and he tells u to drop ur mix tape out there... #straightfire,1
1893,6990,10025,twister,,Last Second OutBid RT? http://t.co/lBPX8buCnv 2 - Catlow C720 Twister Swivels 3/4' 3dc Fuel Line Made In Usa ?Please Favorite &amp; Shar,0
3773,3205,4599,emergency%20services,London,@TfLBusAlerts @TfLBusAlerts The Drive in Ilford closed both ways while emergency services deal with a call out. Buses are now stuck.,1
3134,2844,4089,displaced,,@peterjukes A crime that killed/displaced millions. In which systematic torture was carried out. But look. GrahamWP fired a gun! Arrest him!,1
228,2892,4156,drown,"Coconut Creek, Florida",#NowPlaying Porcupine Tree - Drown With Me (Live) #Listen #Live at http://t.co/iyLVzy3Cob,0
248,6650,9526,terrorist,,Three Israeli soldiers wounded in West Bank terrorist attack - Haaretz http://t.co/u4gSBNU8wc,1
2329,2230,3189,deluge,,@schelbertgeorg Thanks. I'm teaching an online class &amp; asking my students lots of questions like this. Sorry for the deluge of Ren. art!,0
151,1231,1772,buildings%20on%20fire,Intermountain West,.@greenbuildermag @NFPA to hold free webinar on #wildfire mitigation 8/19 at 2pm ET. http://t.co/xmsvOHKccP @Firewise @Michele_NFPA,1
4597,1166,1679,bridge%20collapse,,I never knew about the relationship btwn Kansas City Hyatt bridge collapse &amp; AIA's COTE.   http://t.co/ThS9IqSWP3 via @HuffPostArts,1
5096,5390,7691,panic,,just had a panic attack bc I don't have enough money for all the drugs and alcohol I wanted to buy this year let alone my fall bills,0
655,5369,7661,panic,,i just drove with both my parents in the car lmao that was a panic attack waiting to happen,0
856,4370,6207,hijacker,"West Chester, PA",Remove the http://t.co/9Jxb3rx8mF and Linkury Browser Hijacker http://t.co/B5s5epJ7Um http://t.co/hPA9GQRyWa,0
227,3733,5305,fear,Halifax,The number of people denying climate change on the polar bear article makes me fear for the future of the US but also humanity in general.,0
4599,6002,8574,screams,,In light of recent events all I would like to say is *screams for five years*,0
1438,6253,8935,snowstorm,In the spirit world,Photo: mothernaturenetwork: What is thundersnow? Hearing thunder during a snowstorm is extremely uncommon.... http://t.co/eYdAPauPvG,1
3386,920,1332,blown%20up,L/S/Z/L/T/H/C/H/R/A/S/C,@Papcrdoll and I s2g if my mentions get blown up over MY choice I will deactivate and leave for good. RESPECT MY CHOICES.,0
179,4118,5853,hailstorm,Somewhere ,Those that I have sworn to defend have proven themselves to be friends of the House Hailstorm.,0
4264,1250,1804,buildings%20on%20fire,Reading UK,So my band Buildings on Fire are playing @bbcintroducing @PurpleTurtleRdg this Wednesday with @GIANTGIANTSOUND https://t.co/ofaN6DkOEZ #rdg,0
2267,2520,3621,desolation,"Monterrey, MÌ©xico",Fear and panic in the air I want to be free from desolation and despair!,0
4220,924,1338,blown%20up,fluffy cloud,aunt marge you're blown up eheks,0
5024,1478,2129,catastrophe,,[reviews] #PixelsMovie not a catastrophe nor a funny movie... our review here : http://t.co/lVbUw01YOH,0
561,7503,10732,wreck,"Plano, IL",Amazon Prime Day: 12 quick takeaways from AmazonÛªs magnificent train wreck - http://t.co/DBDwtOcGXF,0
4808,3582,5117,fatal,"Anchorage, AK",APD investigating fatal shooting of 3 year old child in southeast Anchorage http://t.co/qYccvUubkr,1
472,5897,8422,sandstorm,USA,Watch This Airport Get Swallowed Up By A Sandstorm In Under A Minute http://t.co/C9t2F6DLtM,1
168,2925,4204,drowned,"Alberta, VA",http://t.co/MoA0q0AuFa Jacksonville family bands together as memorial is planned for toddler who ... - FloridaÛ_ http://t.co/NKOu7zWwRT,0
1295,7377,10560,windstorm,"Jakarta, Indonesia",Texas Seeks Comment on Rules for Changes to Windstorm Insurer http://t.co/BP6MfJHARS,0
4451,3913,5564,flood,New York,Spot Flood Combo 53inch 300W Curved Cree LED Work Light Bar 4X4 Offroad Fog Lamp - Full reÛ_ http://t.co/xxkHjySn0p http://t.co/JEVHKNJGBX,1
776,1476,2126,catastrophe,"Morganville, Texas.",Pisces tweets need to get better because most the tweets make me sound like a total emotional catastrophe.,0
2591,2401,3455,derailed,A small federal enclave,@Ohmygoshi @unsuckdcmetro At this point I expect to hear reports about a Metrobus being derailed.,1
553,274,398,apocalypse,,will there be another jocelyn birthday apocalypse,0
1010,4127,5868,hailstorm,facebook.com/tradcatknights,"Canada: Hailstorm flash flooding slam Calgary knocks out power to 20k customers
http://t.co/SkY9EokgGB http://t.co/5IyZsDA6xB",1
4951,4875,6940,mass%20murderer,,Another White mass murderer. #Antioch  https://t.co/OWpd7vcFS6,1
1702,6017,8595,seismic,garowe puntland somalia,Oil and Gas Exploration http://t.co/PckF0nl2yN,1
3827,1970,2835,cyclone,Tafekop Ga-Matsepe,Like a cyclone imperialism spins across the globe; militarism crushes peoples and sucks their blood like a... http://t.co/n3VbTC6NCa,1
486,7206,10322,weapon,"New Jersey, usually",So yeah splatoon is still lots of fun and default splattershot jr is still the only weapon layout I'm good at,0
5075,7581,10833,wrecked,Lincoln,@engineshed Great atmosphere at the British Lion gig tonight. Hearing is wrecked. http://t.co/oMNBAtJEAO,0
296,6782,9716,tragedy,,Rly tragedy in MP: Some live to recount horror: ÛÏWhen I saw coaches of my train plunging into water I called ... http://t.co/72ix7vM87w,1
1209,6775,9707,tornado,,Pretty teen Hayden Ryan poses and strips out of her purple top http://t.co/qew4c5M1xd View and download video,0
4730,2557,3666,destroy,UK,#YIAYplan Use my awesome collection of Amiibos to destroy all in my path.,0
4396,5917,8448,screamed,Asgard,@GodOf_Mischief_ -of Loki's daggers she pulled it out and jammed it into Mina's thigh. When Mina screamed and grabbed at her leg sif-,1
2351,1613,2330,collapse,,mentions of 'theatre +shooting' on Twitter spike 30min prior to $ckec collapse http://t.co/uuBOvy9GQI,1
5082,2919,4198,drowned,,@_dmerida my tears drowned out the terrible taste also nataly gave me her steak and cheese thing to cheer me up,0
1129,7032,10077,typhoon,Unites States,Obama Declares Disaster for Typhoon-Devastated Saipan http://t.co/CanEyTtwEV #international,1
199,6647,9522,terrorist,proudly South African,@SwiftyCommissh @TaoistInsight @ImmortalTech Some jewish ppl agree tht Israel is a bully nd a terrorist state killin palestine kids nd women,1
1815,3311,4744,evacuate,,The summer program I worked for went the city pool we had to evacuate because one of my kids left a surprise. @jimmyfallon #WorstSummerJob,0
279,718,1038,bleeding,"Vero Beach , FL",@JaydenNotJared I can't help it. Hope you're ok. Text me if you need to talk. Sending hugs your way. PS no bleeding to death allowed,0
1034,4030,5722,forest%20fire,"Redding, California, USA",View of smoke column rising above the south end of the Blake Fire along Forest Road 1. #RouteComplex http://t.co/Yqg5Pvw5gX,1
893,1534,2216,chemical%20emergency,,THE CHEMICAL BROTHERS to play The Armory in SF tomorrow night!: EMERGENCY BAY AREA EDM ANNOUNCEMENT ÛÒ THE CHEM... http://t.co/wBoGs8EjSj,0
1448,4866,6929,mass%20murderer,Fresno,Happy boy to mass murderer http://t.co/xPddWH5teM,1
705,6563,9391,survived,,ÛÏ@BBCWomansHour: Setsuko Thurlow survived the #Hiroshima bomb. This is her story: http://t.co/cvjYML7KrM http://t.co/FpH01U3eIiÛ,1
1436,4766,6783,lightning,(RP),@Lightning_OOC I AM BEING SUBJECTED TO UNWARRANTED SEXUAL CONVERSATION.,0
2592,3874,5507,flames,"Cincinnati, OH",I added a video to a @YouTube playlist http://t.co/aTCMrjzJTp Nicki Minaj - Up In Flames (Official Video),0
4437,7535,10774,wreckage,,Wreckage 'conclusively confirmed' as from MH370: Malaysia PM http://t.co/Rp2DxFKHDQ | https://t.co/akmIHLRIs1,1
1869,7537,10776,wreckage,India,Wreckage 'Conclusively Confirmed' as From MH370: Malaysia PM,1
3319,5690,8120,rescued,"Winston-Salem, NC",'You can only be rescued from where you actually are and not from where you pretend you are.' Giorgio Hiatt,0
1391,6079,8685,sinkhole,"ÌÏT: 42.910975,-78.865828",Does that sewer look like it's sinking to you? Is this what happens pre-sinkhole???? and I'm going insane http://t.co/heIekfcHdM,0
3102,7609,10870,,,@aria_ahrary @TheTawniest The out of control wild fires in California even in the Northern part of the state. Very troubling.,1
1323,2321,3337,demolished,USA,#BBSNews latest 4 #Palestine &amp; #Israel -  Six Palestinians Kidnapped in West Bank Hebron Home Demolished http://t.co/gne1fW0XHE,1
2330,5548,7914,rainstorm,Yobe State,Rainstorm Destroys 600 Houses in Yobe State: Rainstorm Destroys 600 Houses in Yobe State. [Daily Trust] Damatu...  http://t.co/rzxQSSun02,1
1117,2380,3421,derail, Road to the Billionaires Club,@TheJenMorillo GM! I pray any attack of the enemy 2 derail ur destiny is blocked by the Lord &amp; that He floods ur life w/heavenly Blessings,0
1197,3875,5509,flames,Bacon,He better than Sean bro. I can admit that Sean is flames now. But he better than Sean https://t.co/aomQ1RYKmJ,0
3942,2928,4209,drowned,,"@ABCNews24 @PeterDutton_MP 
He also told you....No-one has drowned in the last 2 years &amp; 1200 had under Labor. But let's not mention that..",0
2603,1735,2499,collided,"ÌÏT: 41.252426,-96.072013",Crews working to restore power in southwest Omaha after vehicle collided with utility pole. - http://t.co/dAn0Gkx28l,1
1616,7573,10824,wrecked,"Denton, Texas",Had an awesome time gettin wrecked at bowling last night! http://t.co/Da9lZtOn1c,0
373,3047,4374,earthquake,New Zealand,GNS sees unnecessary deaths resulting from earthquake strengthening legislation http://t.co/4rYZMzSgDW ($),1
4347,2539,3643,desolation,Istanbul,#np agalloch - the desolation song,0
315,7380,10563,windstorm,"calgary,ab",My precious olive tree lost this battle...another crazy windstorm in #yyc! @weathernetwork http://t.co/N00DVXEga2,1
2826,3868,5499,flames,,If you have an opinion and you don't put it on thh internet you will furst into flames.,0
4769,262,375,annihilation,,@Whippenz We need help! Horses will die!Please RT &amp; sign petition!Take a stand &amp; be a voice for them! #gilbert23 https://t.co/e8dl1lNCVu,0
80,6562,9388,survived,"Austin, TX",Survived Spanish!! @ Sweet Ritual https://t.co/inIqzfyioi,0
4506,5104,7281,nuclear%20disaster,,Fukushima 'mutant vegetable' images sweep across the region two years after nuclear disaster http://t.co/psi35AU3pc via @MailOnline,1
4222,2508,3602,desolation,"Birmingham, UK",The date for the release of EP03 DESOLATION is set. Stay tuned for more info while we finalise the schedule. #alt #electro #rock #comingsoon,1
4620,5596,7984,razed,"Ames, IA",@DavidVonderhaar At least you were sincere ??,1
4500,5323,7601,pandemonium,"The Kingdom of Fife, Scotland",@hashtagteaclub place out. It was ex Pars defender Andy Tod in full uniform. It was instant pandemonium. Utter mayhem ensued!,0
1471,52,76,ablaze,Barbados,SANTA CRUZ ÛÓ Head of the St Elizabeth Police Superintendent Lanford Salmon has r ... - http://t.co/vplR5Hka2u http://t.co/SxHW2TNNLf,0
1268,6393,9137,suicide%20bomb,Worldwide,? 19th Day Since 17-Jul-2015 -- Nigeria: Suicide Bomb Attacks Killed 64 People; Blamed: Boko Haram [L.A. Times/AP] | http://t.co/O2cdKpSDfp,1
2377,4991,7121,military,,13 reasons why we love women in the military   - lulgzimbestpicts http://t.co/XKMLQ99SjY http://t.co/a3RGQuCUgo,0
2627,5706,8142,rescuers,Nigeria,VIDEO: 'We're picking up bodies from water': Rescuers are searching for hundreds of migrants in ... http://t.co/bS6PjT09Tc #Africa #News,1
1873,3740,5316,fire,,Save the Date! Saturday August 15 2015 is the Salisbury Fire Department Open House at 325 Cypress St 10am to... http://t.co/Oa6B0Z2H6Y,0
2924,4732,6729,lava,"Clayton, NC",Check out my Lava lamp dude ???? http://t.co/To9ViqooFv,1
3166,2752,3955,devastation,  News,70 Years After Atomic Bombs Japan Still Struggles With War Past: The anniversary of the devastation wrought b... http://t.co/ohNdh2rI0V,1
2100,572,828,battle,California,how did I miss that Gary Busey's son plays DIXIE on his electronic green fiddle during the post-battle celebration sequence,0
3063,273,397,apocalypse,sindria,ohH NO FUKURODANI DIDN'T SURVIVE THE APOCALYPSE BOKUTO FEELS HORRIBLE  my poor boy my ppor child,1
3402,7472,10689,wreck,,wreck? wreck wreck wreck wreck wreck wreck wreck wreck wreck wreck wreck wreck?,0
1736,7124,10206,violent%20storm,Amsterdam & Worldwide,POV video captures violent landing at Amsterdam Airport Schiphol during a storm - Daily Mail http://t.co/seShqN5DSK #Amsterdam #News,1
3370,7552,10795,wrecked,"Santa Cruz, CA","Israel wrecked my home. Now it wants my land. 
https://t.co/g0r3ZR1nQj",1
505,134,194,aftershock,304,'The first man gets the oyster the second man gets the shell.' Andrew Carnegie,0
3927,6829,9780,trapped,876 Jamrock.,Literally trapped in my room Cuz my bathroom being remodeled. The only exit is through a window,1
2940,955,1382,body%20bag,"sitting on Eddie Vedders lap,",@questergirl ditto but its all we had. and the way i feel if i drank vodka over ice they would have to body bag me,0
4787,1734,2498,collided,Hertfordshire ,Well that was a journey to get home! A train collided with cows on the track! ????,1
586,6134,8752,siren,"UAE,Sharjah/ AbuDhabi",I'm more into the healing/reviving side of the game rather than better attacking so for now Siren &gt; all other characters (except new girl).,0
4195,4948,7052,meltdown,Hustletown,@tinybaby @adultblackmale @mattytalks meltdown mwednesday,1
2526,593,857,bioterror,"Atlanta, GA",FedEx no longer will ship potential bioterror pathogens - FedEx Corp. (NYSE: FDX) will no longer deliver packages ... http://t.co/2kdq56xTWs,1
5069,1184,1705,bridge%20collapse,"Playa del Carmen, Mexico",Two giant cranes holding a bridge collapse into nearby homes http://t.co/lSQe7nu6kl,1
2157,2659,3820,detonate,,A young heavyweight rapping off of detonate I been a leader not a lemon better get it straight ??,0
2623,1125,1622,bombed,Cape Town,You just got GIF bombed #AfricansInSF #BeyondGPS  https://t.co/ETdGPIwxtI,0
1175,2910,4178,drown,"Gainesville/Tampa, FL",When a real nigga hold you down you supposed to drown,0
1029,4075,5793,hail,United States,LZK issues Severe Thunderstorm Warning [wind: 60 MPH hail: 0.75 IN] for Sharp [AR] till 8:15 PM CDT  http://t.co/AUXSMdG1uN #WX,1
2939,1712,2468,collided,"St. Joseph, Minnesota",Two trains have collided in India. Please pray for victims their families and rescuers.,1
3378,738,1069,bleeding,"Basketball City, USA ",@burberryant bleeding on the brain don't know the cause,0
1590,2311,3319,demolished,,Why is CHURCH media and #Media420 silent when #PapiCongress has demolished the house of a journo in UK @pragnik,1
3414,2930,4211,drowned,WorldWideWeb,#DW Hundreds feared drowned as migrant boat capsizes off Libya: Hundreds of migrants areÛ_ http://t.co/VOX99FWKcX,1
485,5819,8309,rubble,"Dubai, UAE",#forbes #europe China's Stock Market Crash: Are There Gems In The Rubble? http://t.co/C0SlAbBP7j,1
4923,5134,7323,nuclear%20reactor,Paris (France),Magnetic and electrostatic nuclear fusion reactor http://t.co/eM5oPyTBpg,0
4086,4455,6338,hostages,,@hannahkauthor Read: American lives first | The Chronicle #FreeAmirNow #FreeALLFour #Hostages held by #Iran #IranDeal http://t.co/gWnLHNeKu9,1
88,3187,4576,emergency%20plan,Im In Route ,"ÛÏ@based_georgie: yo forreal we need to have like an emergency action plan incase donald trump becomes presidentÛ
Whipe that lil baby",1
1697,2416,3475,derailed,"Enterprise, Alabama","Has #IdentityTheft Derailed Your #TaxReturn? 
8 Steps for Cleaning Up an  #IdentityTheft Train Wreck. #CRI
http://t.co/gxQWD1qZBd",0
4857,5727,8172,rescuers,17th Dimension,AH-Mazing story of the power animal rescuers have! A starving homeless dog with no future was rescued by a person... http://t.co/ficd5qbqwl,1
653,6604,9456,terrorism,"New Jersey, USA",Cross-border terrorism: Pakistan caught red-handed again http://t.co/uDj50J3MV4,1
4216,4485,6380,hostages,EastCarolina,#hot  C-130 specially modified to land in a stadium and rescue hostages in Iran in 1980 http://t.co/FLqxd3q5pY #prebreak #best,1
3899,3713,5281,fear,Stanford University,Help me win $$$$ by having the most shares on my article! A Lifetime Of Fear http://t.co/9eh2lCQkxl  Thanks! #BlackInAmerica #GrowingUpBlack,0
2142,5389,7689,panic,Narnia,I added a video to a @YouTube playlist http://t.co/vxeGCmMVBV Panic! At The Disco: Collar Full (Audio),0
1149,4868,6931,mass%20murderer,"West Hollywood, CA",Has gun law ever dissuaded a potential mass murderer?,1
3678,341,489,armageddon,,9 Charts Prove Financial Crisis Part 2 Has BEGUN!: The Financial Armageddon Economic Collapse Blog tracks tren... http://t.co/vHCXTvCINr,0
144,1564,2258,cliff%20fall,"London, England","NEWS FLASH!  Any decent billers been promoted to 'manager'? If so let me know as I want to watch your billings fall off a cliff.
#Humble",0
670,218,310,annihilated,Boston,Cop pulls drunk driver to safety SECONDS before his car is hit by train. http://t.co/tHrhKHOGcUåÊ http://t.co/tZSZmF2qxE via @ViralSpell,1
3509,1386,1999,bush%20fires,,Ted Cruz fires back at Jeb &amp; Bush: ÛÏWe lose because of Republicans like Jeb &amp; Mitt.Û [Video] http://t.co/FgDEh56PLO,0
4977,3884,5522,flattened,"Melbourne, Victoria",70 years ago the first atomic attack flattened #Hiroshima 3 days later it was #Nagasaki both war crimes to put Moscow in its place,1
2596,6953,9976,tsunami,Kleenex factory,An optical illusion - clouds rolling in over the mountains looks like a Tsunami - Geneva - Switzerland http://t.co/EyEVZIoPg1,1
2145,162,235,airplane%20accident,India,OMG Horrible Accident Man Died in Wings of Airplane. http://t.co/xDxDPrcPnS,1
2218,3259,4681,engulfed,Nevada (wishing for Colorado),Man is equally incapable of seeing the nothingness from which he emerges and the infinity in which he is engulfed -- Blaise Pascal,0
1370,1675,2418,collide,"Silang, Cavite / ParaÌ±aque",Lets collide untill we fill the space.. ??,0
4701,4735,6734,lava,Venezuela,I LAVA YOU.,0
1468,7207,10323,weapon,"Manchester, England",'Education is the most powerful weapon which you can use to change the world.' Nelson #Mandela #quote http://t.co/QR1L2JYUEZ,0
2810,1518,2192,catastrophic,Inexpressible Island ,The Catastrophic Effects of Hiroshima and Nagasaki Atomic Bombings Still Being Felt Today http://t.co/rNqEBAyCVM,1
3702,6245,8921,snowstorm,"Brooklyn, NY",'Cooler than Freddie Jackson sippin' a milkshake in a snowstorm',0
4104,4164,5916,harm,5/5 access / rt link please x,"SO MANY SECURITY GARDS THIS IS GOOD. 
I DARE THEM TO LET SOMEONE HARM HARRY #OTRAMETLIFE",0
3226,1716,2476,collided,"Cape Cod, Massachusetts USA",'Car vs motorcycle in Harwich Port' HARWICH PORT ÛÒ A car and motorcycle collided around 5:30 p.m. The crash happenÛ_ http://t.co/ljxCE1QW2p,1
4338,2993,4300,dust%20storm,,Kids Disappear in Dust Storm in Atmospheric Aussie Thriller http://t.co/0MNPCER9nO RT @Newz_Sacramento,1
4098,3818,5426,first%20responders,Roads/Trails Everywhere,RT RoadID: Thanks to Alex for his story &amp; to all first responders for being there when we need you. Û_ http://t.co/HikDC1fM2F,0
2487,1884,2707,crushed,11/4/14,That was crushed holy shit,0
100,3246,4666,engulfed,,@FNAF_TalkMC *stands there engulfed in the fire smiling*,0
2927,1394,2012,casualties,,Another movie theater attack..close to home this time. Thankful for no casualties. Life will go on because we cannot allow evil to win!,1
731,7000,10037,twister,"Midwest City, OK",HAPPY 24 TWISTER!!! Thank you for all the laughs sticking by my side no matter what and also forÛ_ https://t.co/ttq9IlHp8W,0
3615,5207,7437,obliterated,Upstairs.,@TheEvilOlives It's the closest structure to the hypo centre that wasn't completely obliterated.,1
4577,3854,5484,flames,,Maryland mansion fire that killed 6 caused by damaged plug under Christmas tree report says - Into the flames... http://t.co/ucUDwIU3aN,1
4966,6736,9653,thunderstorm,Killafornia made me ,9:35 pm. Thunderstorm. No rain. 90 degrees. This weather weird.,1
751,594,859,bioterror,,FedEx no longer will ship potential bioterror pathogens - Atlanta Business Chronicle http://t.co/YLLQJljiIQ,0
4372,4980,7105,military,,@YMcglaun THANK YOU FOR UNDERSTANDING  THE GOV. ONLY TELLS US ABOUT 5% OF WHATS REALLY GOING ON I HAVE MILITARY HOUSE &amp; CIA CONNECTS !!!,0
2473,1179,1699,bridge%20collapse,US,Two giant cranes holding a bridge collapse into nearby homes http://t.co/jBJRg3eP1Q,1
2656,1462,2110,catastrophe,"Wellington, New Zealand",@APPLEOFFIClAL Migrating from iPhoto to Photo is a catastrophe. I have wasted days trying to get this to work. 12 hrsto get to 8% complete.,0
4345,3301,4731,evacuate,,Condemnation clearly replacing the latest response aimlessly dryer evacuate detersion de: HLg,1
1095,3090,4436,electrocute,London,no but seriously I will electrocute half of UK Army's so I can touch bangtan i do not play games when it comes to bts,0
881,1434,2069,casualty,"El Dorado, KS",@ThomasHCrown My grandfather was set to be in the first groups of Marines to hit Japan in Operation Olympic. 95% casualty rate predictions,1
1084,4209,5980,hazard,UK,"Our tipster previews Chelsea v Swansea &amp; there's a 48/1 double! http://t.co/PFSrYJS1pc 
#Chelsea #Hazard http://t.co/SKdBot7TGF",0
4296,4924,7013,mayhem,"Lynchburg, VA",Anyone else think that Stephen sounds like Andy Dick when he gets excited? The difference being... I actually like Stephen. #MasterChef,0
1654,6498,9290,sunk,,The Seven Seas - Wreck of the Giannis D. sunk after hitting a submerged reef in theÛ_ http://t.co/Gn3WHNSFIb http://t.co/fWpOF5TwoC,1
3441,1750,2517,collision,"Denver, CO",Motorcyclist bicyclist injured in Denver collision on Broadway: At least two people were taken to a localÛ_ http://t.co/ozK1QHJVfh,1
1609,4942,7044,mayhem,107-18 79TH STREET,#NoSurrender Results: Full Metal Mayhem World Title Match Bully Ray Taken Out A Career Comes To An End and More! http://t.co/XEHwmsH7Lv,0
1665,2186,3133,debris,India,MH370: Aircraft debris found on La Reunion is from missing Malaysia Airlines ... - ABC Online http://t.co/C5JuTFXBM9,1
4992,6439,9212,suicide%20bombing,Istanbul,INFOGRAPHIC: At least 20 Turkish security officials killed in PKK and ISIS terror attacks since Suruc suicide bombing http://t.co/UvAOJzcYcZ,1
3846,3597,5137,fatal,,11-Year-Old Boy Charged With Manslaughter of Toddler: Report: An 11-year-old boy has been charged with manslaughter over the fatal sh...,1
4424,412,598,arsonist,ss,@_301DC @Cloudy_goldrush i hate white people mo,1
1482,1479,2131,catastrophe,,Burford. What a catastrophe! Traffic and big lorries. No action as usual from Council.,0
1340,648,939,blaze,"Atlanta,Ga",Welcome @djryanwolf @djcoreygrand @djknyce @djoneplustwo @OfficialCoreDJs #Family #Cleveland #StandUp @IAMTONYNEAL http://t.co/P6GqmCTgLj,0
746,3195,4587,emergency%20plan,"Cochrane, Alberta, Canada",Severe thunderstorm warning remains for #Cochrane. @cityofcalgary has enacted municipal emergency plan after today's storm. #abstorm,1
3254,3387,4849,evacuation,"US: 44.414510,8.942499",IbrahimMisau : FAAN orders evacuation of abandoned aircraft at MMA http://t.co/5Zcje7arci (via Twitter http://t.co/haVXoBcSVU),1
3159,284,415,apocalypse,,RT: fittscott: Minecraft- NIGHT LUCKY BLOCK MOD (BOB APOCALYPSE WITHER 2.0 &amp; MORE!) Mod Showcase Popularmmos: http://t.co/MuL1J9AEUx viÛ_,0
1174,3483,4980,explosion,,Big Data and Social Information explosion: The Union That Could Evolve Your Retail Strategy...HUa,0
2902,4476,6366,hostages,china,#hot  C-130 specially modified to land in a stadium and rescue hostages in Iran in 1980 http://t.co/zY3hpdJNwg #prebreak #best,0
4038,302,444,apocalypse,Tokyo,Enjoyed live-action Attack on Titan but every time I see posters I'm reminded how freshly clean and coiffed everyone is in the apocalypse.,0
4335,1540,2225,chemical%20emergency,"Las Vegas, Nevada",Bomb Crash Loot Riot Emergency Pipe Bomb Nuclear Chemical Spill Gas Ricin Leak Violence Drugs Cartel Cocaine Marijuana Heroine Kidnap Bust,1
4519,7004,10041,twister,"Lisbon, Portugal",@ElianaRaquel Like GG was BAD in the end... But at least I cared a little when GG was Dan. Cause it was a twister. I don't know Wilden IDC,0
297,3393,4857,evacuation,The Empire/First Order,@ariabrisard @leiaorganasolo Good. Play along with her. You may begin your operation with the death star. The evacuation is nearly complete.,0
1705,2309,3317,demolished,QUEENS.,@_STiiiLO I still got video of u demolished,0
3770,814,1182,blizzard,Guelph Ontario Canada,New print available on http://t.co/ucy5fEA9yu! - 'Waiting Too Long' by Pamela Blizzard - http://t.co/dnwwo1YbRK,0
1669,4899,6974,massacre,Ecuador,Don't mess with my Daddy I can be a massacre. #BeCarefulHarry,0
1485,3145,4519,emergency,,STL Ace Grille - Surface Mounts SpeedTech Lights - Amber Emergency Lights - 544 http://t.co/t6Seku4yvm http://t.co/TJOZ4u4txl,0
5074,6949,9971,tsunami,"Louavul, KY",#BBShelli seems pretty sure she's the one that's going to stay! #BB17,0
230,5805,8286,rioting,The Weird Part of Wonderland,"people rioting everywhere and I think I'd be one of them.'

Usami-san &lt;3",1
471,3997,5676,floods,Global-NoLocation,#flood #disaster Bengal floods: CM Mamata Banerjee blames DVC BJP claims state failed to use ... - Economic T... http://t.co/BOZlwr716Z,1
3360,7577,10829,wrecked,#NewcastleuponTyne #UK,@widda16 ... He's gone. You can relax. I thought the wife who wrecked her cake was a goner mind lol #whoops,0
3732,1205,1735,buildings%20burning,"Denver, Colorado",The Rocky Fire burning in northern California is still threatening more than 7000 buildings. It's the largest in the state #9newsmornings,1
765,5798,8276,rioting,Chicora ?? Oakland,@davidolszak or the rioting in happy valley after penn state loses?,0
811,1099,1590,bombed,Netherlands,US drone bombs Islamic State target in Syria after taking off from Turkey: A US armed drone has bombed a targe... http://t.co/m0daP5xLwo,1
1220,194,273,ambulance,Loveland Colorado,@Kiwi_Karyn Check out what's in my parking lot!! He said that until last year it was an ambulance in St Johns. http://t.co/hPvOdUD7iP,0
2521,6792,9731,tragedy,,Rly tragedy in MP: Some live to recount horror: ÛÏWhen I saw coaches of my train plunging into water I called ... http://t.co/vScPGMsJXY,1
4820,3510,5017,eyewitness,Rhode Island,WPRI 12 Eyewitness News Rhode Island set to modernize its voting equipment WPRI 12 EyewitnessÛ_ http://t.co/aP9JBrPmQg,0
1413,5707,8143,rescuers,Westerland,VIDEO: 'We're picking up bodies from water': Rescuers are searching for hundreds of migrants in the Mediterran... http://t.co/s5NuEGSwYj,1
2915,2147,3082,deaths,Weyburn,Weyburn Police Warn Public after Fentanyl Deaths in Province - http://t.co/8bqjtp6iD5 http://t.co/8kjS7ZqAjS,1
2887,5979,8539,screaming,JDB/LJC/AGB/TW/PLL,@justinbieber   I AM SCREAMING HELL YES AHHHH OMG http://t.co/y678XsNvJ6,0
1253,4818,6858,mass%20murder,cereal aisle #17:i4,@DoctorDryadma mass murder here we come,1
2094,5464,7797,quarantine,missouri USA,Reddit Will Now QuarantineÛ_ http://t.co/pkUAMXw6pm #onlinecommunities #reddit #amageddon #freespeech #Business http://t.co/PAWvNJ4sAP,1
721,6399,9145,suicide%20bomber,,ISIS claims responsibility for Saudi mosque suicide bombing http://t.co/Wpilp4mymf http://t.co/8NHD9iDaJs,1
1056,85,126,accident,,Carolina accident: Motorcyclist Dies in I-540 Crash With Car That Crossed Median: A motorcycle rider traveling... http://t.co/p18lzRlmy6,1
2370,3562,5092,famine,,Bolshevik government monopolized food supply to seize power over hunhry population. Artificial famine was the result https://t.co/0xOUv7DHWz,1
2588,6874,9857,trauma,Colorado,What happens to us as sexual trauma #survivors defines us as much as we agree with the perpetrators who hurt us.,0
3785,94,136,accident,Alberta | Sask. | Montana,Suffield Alberta Accident https://t.co/bPTmlF4P10,1
3381,1131,1631,bombing,,The United Kingdom and France are bombing Daesh in Syria - Voltaire Network http://t.co/zYSsObXNtC,1
879,3256,4678,engulfed,,#RaheelSharif is manifesting how one RIGHT man at the helm can save a Sinking Ship engulfed in a Dark-Stormy-Tidal-Sea. Well Done.,1
2194,1019,1480,body%20bags,Oklahoma City,Micom 2015 Summer Contrast Candy Color Bowknot Cross Body Tote Shoulder Bags for Womengirls with Micom Zip Po http://t.co/sQMTKKJiMJ,0
4817,4218,5991,hazardous,,http://t.co/7AzE4IoGMe Risk Assessment and Optimization for Routing Hazardous Waste Collection #sustainable environmental,0
2554,6758,9683,tornado,"San Antonio, TX",Pizza and beer in a tornado in Austin. Windy af right now,1
2388,3576,5109,famine,,@Surf_Photo I squeezed a tear. Famine plague tsunami no chance. Lego - blubber!,0
3107,1855,2667,crush,,I'm my own woman crush ????,0
1514,973,1408,body%20bag,,New Women Handbag Faux Leather Ladies Shoulder Tote Cross Body Bag Large Satchel - Full reÛ_ http://t.co/NCjPGf6znv http://t.co/GeRJau74eY,0
657,6383,9121,suicide%20bomb,,16yr old PKK suicide bomber who detonated bomb in Turkey Army trench released http://t.co/5orTB8p51c,1
4135,3981,5657,flooding,"Austin, TX",Memorial unveiled for Travis County deputy killed in Sept. flooding: Travis County Sheriff Greg Hamilton joinedÛ_ http://t.co/Eo2F96WXPz,1
1038,7599,10854,,,1.3 #Earthquake in 9Km Ssw Of Anza California #iPhone users download the Earthquake app for more information http://t.co/V3aZWOAmzK,1
3801,1865,2680,crush,"Washington, DC NATIVE",#MrRobinson is giving me #TheSteveHarveyShow vibe. Music teacher looks out for students has crush on girl he went to high school with. ??,0
3825,5765,8231,riot,In Space,Pop quiz! Which do you prefer: feminist revolution or fried ravioliåÊwith porcini and ricottaÛ_ http://t.co/n6MCPgVWQ2 http://t.co/s8OiNfGXyX,0
3613,7255,10385,whirlwind,"Holly, MI",Hey all you love birds! We have been getting submissions for the Whirlwind Wedding Wars and they are so fantastic! Keep sending them guys!,0
2985,4109,5840,hailstorm,"Newton Centre, Massachusetts",Freak #Boston #hailstorm produces a hailstorm of business ... for auto-body repair specialists. @PeterHoweNECN 6:30/8:30 TONIGHT @necn,1
149,2185,3132,debris,"Dubai, United Arab Emirates",What Irony Debris of Flight MH370 found on 'Reunion Island'.,1
3447,215,303,annihilated,,Be annihilated for status education mba on behalf of a on easy street careen: eOvm http://t.co/e0pI0c54FF,0
2333,522,754,avalanche,NEW YORK,I BET YOU DIDNT KNOW I KICK BOX TOO! https://t.co/rBrw8pWiPJ,0
2699,7351,10523,wildfire,?? Cloud Mafia ??,@_wildfire__ ???? Bruh that's the lady from Mulan!!,0
1362,2587,3713,destroyed,buenos aires argentina,People donå«t want to hear the truth because they donå«t want  their illusions destroyed. #FN.,0
1752,1889,2715,crushed,#HAMont,Edwin wow. Crushed.,0
1533,4733,6730,lava,,Shark boy and lava girl for the third time today. I guess this is what having kids feelings like. ??????,0
926,2480,3557,desolate,NYC area,RT @danielkemp6 Likened to THE 39 STEPS and The GOOD SHEPHERD by the FILM producer THE DESOLATE GARDEN on ALL here  http://t.co/fel4QhWyFD,0
3778,4106,5835,hailstorm,"Calgary, AB",Well so much for outdoor postering @calgaryfringe #mothernature #hailstorm #rain #yycfringe #KILLHARD,1
3418,3853,5482,flames,St. Patrick's Purgatory,@TadhgTGMTEL dude was just smoking and the fucking thing went up in flames i though a bomb went off omg scared,1
12,6693,9590,thunder,,I was over here dreaming peacefully then that loud ass thunder wanted to scare me. ??,1
93,7437,10640,wounds,"Newcastle, England ",Nout like rubbin salt in the wounds dad.. ?????? http://t.co/M8UfjDtlsm,0
3693,6962,9987,tsunami,ona block w/ my BOY ??,Man my stomach feel like a tsunami ??.,0
1612,3935,5594,flood,United States,RT grant_factory: #grants #funds Weymouth meeting on seawalls and flood grants set for Thursday night Û_ http://t.co/Th2WLilBmo,1
3528,2074,2976,dead,dundalk ireland,@emmerdale is Ross really dead?? #AskCharley,0
3848,1318,1905,burning,,@nagel_ashley @Vicken52 @BasedLaRock @goonc1ty rip the world... its burning,0
1181,2314,3323,demolished,Beautiful British Columbia,They absolutely demolished the sounders from start to finish,0
538,489,709,attacked,MAURITIUS,Israeli helicopters that attacked civilians in Gaza just completed exercises in Greece.,1
2004,3557,5083,famine,Massachusetts,"Russia destroys food while people go hungry.  We're not the only ones with an insane government.
http://t.co/ZonNqGsxYw",1
4334,6172,8802,sirens,they/them ,my dad said I look thinner than usual but really im over here like http://t.co/bnwyGx6luh,1
2264,3967,5638,flooding,"California, USA",So grateful for all the support flooding in from @NetkiCorp dinner guests! THANK YOU ALL! https://t.co/ELTne5v1Qn,1
2418,1459,2103,casualty,"Kansas City, MO",Small casualty on the way to Colorado http://t.co/hDVmhSQXHm,1
2503,1048,1515,body%20bags,In the Shadows...,@Limpar33 sweeping legs? Or putting people in body bags?,0
1115,5156,7355,obliterate,United Kingdom,@klavierstuk doesn't so LVG is forced into the market. May beat Spurs and smaller teams with Blind LCB. Top 4/ CL teams will obliterate us.,0
2168,546,795,avalanche,"Danville, VA",No snowflake in an avalanche ever feels responsible.,0
2900,13,19,,,#Flood in Bago Myanmar #We arrived Bago,1
1187,25,37,,,No way...I can't eat that shit,0
2644,6333,9054,structural%20failure,Asia,Rightways: Building structural integrity &amp; failure: problems inspections  repair http://t.co/vz1irH0Nmm via @rightwaystan,0
1454,4505,6403,hurricane,"The Epicenter, and Beyond",AD Miles 'Hurricane of Fun : The Making of Wet Hot' https://t.co/SBZwRuwuFh,0
3084,526,761,avalanche,"London, Kent & SE England.",Beautiful Sweet Avalanche Faith and Akito roses with lots of frothy gyp. http://t.co/RaqUpzFkJY #weddinghour http://t.co/quNxocXCgA,0
2664,4954,7060,meltdown,,Looks like it may have been microsofts anti virus trying to update causing the meltdown,0
805,7489,10711,wreck,Primum non nocere,@GeorgeFoster72 and The Wreck of the Edmund Fitzgerald,1
4740,3991,5670,floods,"Sherwood, Brisbane, Australia",@madonnamking RSPCA site multiple 7 story high rise buildings next to low density character residential in an area that floods,0
1543,2092,3006,death,,my vibrator shaped vape done busted,0
4543,116,168,aftershock,,320 [IR] ICEMOON [AFTERSHOCK] | http://t.co/e14EPzhotH | @djicemoon | #Dubstep #TrapMusic #DnB #EDM #Dance #IcesÛ_ http://t.co/22a9D5DO6q,0
1550,3842,5467,flames,,Cabin Fever 2 flames https://t.co/yXnagsqvBM,0
4253,1396,2015,casualties,,Afghan conflict sees 'sharp rise' in female casualties http://t.co/4hcYwRWN6L http://t.co/2TwXZ6vxbx,1
3204,1547,2236,chemical%20emergency,Colombia,Nueva favorita: EmergeNCY feat. The Chemical Brothers / My Bits http://t.co/MET4YtZMFB @DeezerColombia,0
1583,6018,8596,seismic,"Oakland, CA",Man is reading a list of famous musicians who oppose nuclear power...wow powerful evidence. They must know a lot about seismic risks....,0
4880,2237,3197,deluge,Raleigh (Garner/Cleveland) NC,What's missing in the #asae15 exhibitor emails? Value. http://t.co/r8cepRqxlE #assnchat,0
410,3070,4405,electrocute,,when you got an extension cord that extends from your bed to your bath tub ?? lets pray I don't electrocute myself,0
1995,985,1429,body%20bagging,have car; will travel,@matt_bez oh I'm not bagging her at all! Her body be bangin'. I'm saying she's going to get the rose.,0
1215,7221,10340,weapons,"Ely, Cambridgeshire",Incredulous at continued outcry of welfare being a waste of taxpayers money but never similar objection to å£100bn on nuclear weapons,1
1534,2422,3482,derailed,"Washington, DC & Charlotte, NC",@AdamTuss and is the car that derailed a 5000 series by chance. They used to have issues w/ wheel climbing RE: 1/2007 Mt. Vern Sq derailment,1
132,1338,1935,burning%20buildings,y/e/l,THIS SOUNDS LIKE A SONG YOU WOULD HEAR IN A MOVIE WHERE THEY ARE WALKING AWAY FROM BURNING BUILDINGS AND CARS AND SHIT,0
2630,4008,5692,floods,North America,Nearly 50 thousand people affected by floods in #Paraguay ? http://t.co/aw23wXtyjB http://t.co/ABgct9VFUa,1
1837,4677,6648,inundation,,Sprinklers: FAQ About Lawn Inundation Systems Answered eBb,0
3784,2674,3836,detonate,"Morioh, Japan",@spinningbot Are you another Stand-user? If you are I will have to detonate you with my Killer Queen.,0
4461,2427,3487,derailed,,How many trains derailed that @wmata has to shut down orange/blue in most of DC? The Avengers made less of a mess @unsuckdcmetro,1
691,4332,6152,hijack,"Port Harcourt, Nigeria",Plans by former First Lady and wife of ex-President Goodluck Jonathan Dame Patience Jonathan to hijack the All... http://t.co/HaShGQAFic,1
2499,6228,8890,smoke,"Bronx, NY",I just wanna smoke some weed and get some commas,0
4788,2911,4180,drown,"Saint Louis, Missouri",I keep it out down drown their insults out with what I feel is devote pride ten fold action with reprocussions set at birth retroactive.,0
3860,6148,8770,siren,texasss,@optich3cz #askH3cz i'm jealous now. Bc i wanted a elgato hd for my bday so i can record videos but i didnt have the money for it.,0
4686,5895,8418,sandstorm,USA,Watch This Airport Get Swallowed Up By A Sandstorm In Under A Minute http://t.co/sEquWmvFx4,1
2654,1584,2286,cliff%20fall,,@SZMNextDoor I got this cute lil cliff you can fall off of??,0
287,897,1298,bloody,Westchester,@Fantosex Now suck it up because that's all you're bloody getting out of me by means of amends.,0
3944,645,935,blaze,Columbus,@Shayoly yes I love it,0
3258,5721,8164,rescuers,,VIDEO: 'We're picking up bodies from water': Rescuers are searching for hundreds of migrants in ... http://t.co/awtScUCBBV #Africa #News,1
4765,623,896,bioterrorism,"Philadelphia, PA",@MeyerBjoern @thelonevirologi @MackayIM of a major American newspaper running a series on all the alleged bioterrorism research going on 2/n,1
3689,2713,3897,detonation,,Ignition Knock (Detonation) Sensor-Senso Standard KS111 http://t.co/NXLEiIJFgS http://t.co/xsGwm5zXPd,0
1877,1896,2727,crushed,,@JMastrodonato so the question is: would you crush Ortiz for bunting as your sports writing forefathers crushed Williams?,0
1055,6811,9757,tragedy,America,@CSAresu   American Tragedy http://t.co/SDmrzGErYX,1
2906,3052,4379,earthquake,"Okuma Town, Fukushima",[GPV Wind] As of 06JST 6AUG: WNW 06JST 6AUG / E 12JST 6AUG / S 18JST 6AUG. http://t.co/l6jBjAj8dm,0
4635,1895,2726,crushed,online ,WRAPUP 2-U.S. cable TV companies' shares crushed after Disney disappoints http://t.co/wWFACu6NFt,0
4675,815,1183,blizzard,Waterfront,@Blizzard_draco GIVE ME FREE ART KAMON,0
2921,529,767,avalanche,"New York, NY",the fall of leaves from a poplar is as fully ordained as the tumbling of an avalanche - Spurgeon,0
2754,916,1326,bloody,Brazil ,I've just watched episode S01E09 of Bloody Monday! http://t.co/vRptHvPymt #bloodymonday #tvshowtime http://t.co/NkKvknBvOz,0
3040,591,853,bioterror,,#world FedEx no longer to transport bioterror germs in wake of anthrax lab mishaps  http://t.co/5zDbTktwW7,0
763,451,654,attack,,it scares me that there's new versions of nuclear attack warnings like just knowing that governments still prepare for them,1
2531,5347,7633,pandemonium,Los Angeles,Pandemonium In Aba As Woman Delivers Baby Without Face (Photos) - http://t.co/Ykdsp0nRDQ,0
3626,6103,8714,sinking,,that horrible sinking feeling when youÛªve been at home on your phone for a while and you realise its been on 3G this whole time,0
1557,4674,6644,inundation,Cascadia,@kathrynschulz Plus you're well out of the inundation zone amirite?,0
3248,6081,8688,sinkhole,,A random hole just broke out in the street ?? http://t.co/dWU8QqYs0v,0
465,1837,2642,crashed,too far,He was only .4 of a second faster than me and I overtook him twice (then crashed) tru luv &lt;3 &lt;3,0
109,7447,10658,wounds,"iPhone: 33.104393,-96.628624",@mattmosley post a pic of your wounds please,0
1073,5607,8001,razed,,The Latest: More homes razed by #NorthernCalifornia wildfire http://t.co/mONiJJth7V #ZippedNews http://t.co/0yXBB5dzw5,1
742,4920,7008,mayhem,GLOBAL/WORLDWIDE,@RaynbowAffair Editor In Chief @DiamondKesawn Releases Issue #7 http://t.co/7mzYcU2IHo of #RAmag. #Fashion #Models and #Mayhem,0
2119,3737,5310,fear,USA,"Daily Reflections
August 6
DRIVEN
Driven by a hundred forms of fear self-delusion self-seeking and self-pity... http://t.co/DXfqOu4kT2",0
3554,236,336,annihilated,,@TomcatArts 'who then were annihilated by the legion itself. The survivors of the imperfect hybrid project quickly formed a new secret cell,0
589,2259,3239,deluged,,Businesses are deluged with invzices. Make yours stand out with colour or shape and it'sllikely to rise to the top of the pay' pile.,0
4612,524,758,avalanche,,PATRICK ROY 1998-99 UPPER DECK SPX #171 FINITE 1620 MADE COLORADO AVALANCHE MINT http://t.co/uHfM1r3Tq5 http://t.co/QulgaKebHB,0
4572,3124,4488,electrocuted,Karachi Pakistan,#pakistan#news# NANKANA SAHIB City News: Electrocuted From Our Correspondent NANKANA SAHIB: A youth was electr... http://t.co/WERK9qibVV,1
426,3437,4913,exploded,?????? in Yokohama Japan,Kakeru Teduka: Bfore 70years of today in Hiroshima it's exploded the one atomic bomd. It is so sad day.http://t.co/8Vzl1ns2iO,1
2177,2097,3013,death,on the go,A Year Later Ferguson Sees Change but Asks if ItÛªs Real http://t.co/H9vmMDEbDx,0
1260,7415,10608,wounded,,DESCRIPTIONS OF 'WOUNDED CATS BEING 'EXCITING' http://t.co/BJycRGfH5y,0
915,680,982,blazing,"Pig Symbol, Alabama",Montgomery come for the blazing hot weather...stay for the STDs. Yet another rejected city slogan.,1
3550,1301,1881,burning,,@aubilenon @MarkKriegsman if you think you'd like burning man you should try it because it's the only way to know!,0
4256,5262,7523,oil%20spill,,Refugio oil spill may have been costlier bigger than projected http://t.co/gtHddzAvhg #LosAngelesTimes #latimes #news,1
3541,74,107,accident,North Carolina,I-77 Mile Marker 31 South Mooresville  Iredell Vehicle Accident Ramp Closed at 8/6 1:18 PM,1
1144,4055,5760,forest%20fires,Tips on my blog at,Tales of the #trees #deep water loving #Lake Tahoe. And no #forest fires https://t.co/xuhMJ098Lq,0
1881,1447,2086,casualty,,I still don't know why independence day and social casualty are not on the rowyso setlist these songs would be so good live,0
1647,266,384,annihilation,"Tacoma,Washington",U.S National Park Services Tonto National Forest: Stop the Annihilation of the Salt River Wild Horse... https://t.co/x2Wn7O2a3w via @Change,0
3095,3380,4842,evacuation,"Yellowknife, NT",UPDATE: The GNWT has just issued a voluntary evacuation order for cabin owners at Pickerel Lake near the Reid... http://t.co/RVSYxwj9Cp,1
2984,5066,7223,natural%20disaster,America of Founding Fathers,"This is the natural and unavoidable consequence of socialism everywhere it has been tried.
http://t.co/BbDpnj8XSx A",1
3372,1804,2592,crash,,Kinetic Typography Crash Course (After Effects) (Video) http://t.co/fL8gCi84Aj #course http://t.co/dVONWIv3l1,0
3519,6623,9486,terrorism,,"Truth...
https://t.co/k44tL3rfMy
#News
#BBC
#CNN
#Islam
#Truth
#god
#ISIS
#terrorism
#Quran
#Lies http://t.co/ipT0hoNoTI",0
1292,5255,7515,oil%20spill,Clean World,"Watch our video of Wendell Berry speaking about the BP oil spill in the Gulf of Mexico.

ItÛªs the birthday... http://t.co/tN1aX1xMBB",1
1002,6162,8788,siren,,Any new games coming soon @BreachGamingORG ?,0
2251,3489,4986,explosion,,New Explosion-proof Tempered Glass Screen Protector Film for Blackberry Z10 - Full read byÛ_ http://t.co/tOYU16mxBO http://t.co/P10hNDc0Mm,0
3259,5295,7563,outbreak,Italy,Families to sue over Legionnaires: More than 40 families affected by the fatal outbreak of Legionnaires' disea... http://t.co/SO81Ab3a1x,1
4373,143,205,airplane%20accident,Hyderabad Telangana INDIA,Horrible Accident  Man Died In Wings of Airplane (29-07-2015) http://t.co/i7kZtevb2v,1
2091,3588,5126,fatal,"Fresno, CA",@ChrisDanielShow Nearly-Fatal Pee in San Francisco http://t.co/1tvlFrhm1m,0
2972,1927,2770,curfew,BKI-KUA,Her curfew will start right after her private class ends. Tutor must a woman preferably someone over 50.,0
1545,2015,2891,damage,"Rockville, Maryland",#Glaucoma occurs when fluid builds up pressure inside #eye to a level that may damage optic nerve #eyefacts,1
1096,3836,5459,first%20responders,"Franklin, TN near Nashville",After shooting event at the theater @Starbucks is giving FREE COFFEE to all first responders police &amp; firefighters. AntiochHickoryHollow#TN,1
3788,2891,4154,drown,East Coast,We all carry these things inside that no one else can see. They hold us down like anchors they drown us out at sea.,0
4266,5348,7634,pandemonium,,My workplace is going to be pandemonium when the season starts ??,0
2550,7536,10775,wreckage,Mumbai,Wreckage 'Conclusively Confirmed' as From MH370: Malaysia PM: Investigators and the families of those who were... http://t.co/KuKmAL605a,1
1224,3285,4711,evacuate,,I feel like if MKayla and Cee ever got in the same room everyone should evacuate because it would be so petty and childish I couldn't deal,1
4084,1719,2480,collided,,16 dead in Russia bus accident: At least 16 people were killed and 26 others injured when two buses collided i... http://t.co/jMBVPanXR3,1
3377,3241,4657,engulfed,"Glendale, CA",#TRAFFICALERT  Eastbound 210 Freeway at Citrus Ave in Azusa. Two motorcycles involved in accident with one fully engulfed in flames in lanes,1
414,4284,6087,hellfire,,The Prophet (peace be upon him) said 'Save yourself from Hellfire even if it is by giving half a date in charity.',0
2874,1993,2866,damage,,Reusing advanced in life equipments in transit to drumming champaign damage: FdbDP,0
1536,7062,10116,upheaval,Chester,Save the upset and stress of upheaval and let us help keep #elderly people independent! #companionship #care #Chester @chestertweetsuk,0
1397,5823,8314,rubble,London,#360WiseNews : China's Stock Market Crash: Are There Gems In The Rubble? http://t.co/9Naw3QOQOL,1
3002,5437,7756,police,"anzio,italy",4 police officers arrested for abusing children at police-run boot camp in San Luis Obispo Calif. - @ABC7: http://t.co/QpWOtugUI9,1
599,6107,8720,sinking,"Sacramento, CA",So happy to be exercised of the demon of @ATT. Price kept rising service kept sinking. #goodbye,0
2646,2852,4098,drought,USA (Formerly @usNOAAgov),#Nevada's Û÷exceptionalÛª #drought steady at ~11%; ~ 95% of #NV in drought: http://t.co/Nyo1xueBFA @DroughtGov http://t.co/w0a1MJOrHY,1
437,2942,4230,drowned,,Thank you Uplifting spirit. When Im drowned you've been an anchor,0
4418,5988,8551,screams,blackfalds.,*screams* http://t.co/PU7C4Hhbxj,0
4125,4542,6458,injured,london,Udhampur terror attack: Militants attack police post 2 SPOs injured http://t.co/zMWeCBWVaO,1
4454,5387,7687,panic,Toronto,tomorrow's going to be a year since I went to the Panic! concert dressed as afycso ryan do u guys remember that,1
290,3307,4738,evacuate,Rochester,No don't evacuate the students just throw them in the dungeon. That is stupid.,0
544,6163,8789,siren,The American Wasteland (MV),@FEVWarrior -with the screeching siren accompanying it just before he walked out.,0
4299,5779,8246,rioting,SURROUNDED BY WEEABOOS,'Money can't buy happiness' is just a lie we tell poor people to keep them from rioting.,1
252,7132,10215,volcano,,1.9 #Earthquake in 5Km S Of Volcano Hawaii #iPhone users download the Earthquake app for more information http://t.co/V3aZWOAmzK,1
831,5307,7580,outbreak,Anywhere,Families to sue over Legionnaires: More than 40 families affected by the fatal outbreak of Legionnaires' disea... http://t.co/hKxYzhvmQE,1
4288,4285,6088,hellfire,,Hellfire is surrounded by desires so be careful and donÛªt let your desires control you! #Afterlife,0
350,4977,7097,military," Quantico Marine Base, VA.",@FurTrix then find cougars who look like her even better if they're in military uniform!,0
4319,1827,2627,crashed,"Pakistan, Islamabad",Pak Army Helicopter crashed in Mansehra.,1
346,1096,1585,bombed,New York,The U.S. bombed Hiroshima 70 years ago today. A look at how war has changed since: http://t.co/UQnj6nk9y3 http://t.co/QLnnMxzFqK,1
1694,4154,5903,harm,Gotham City,You can never escape me. Bullets don't harm me. Nothing harms me. But I know pain. I know pain. Sometimes I share it. With someone like you.,1
1992,3831,5450,first%20responders,,@IAFFLocal4416 no lives lost except those of first responders or the public they're charged with protecting?,1
457,6008,8580,screams,lost in history,"SCREAMS. WHERE IS EVERYONE.

oh wait school

ok

im ok",0
4780,2385,3430,derail,U.S.A,WSJThinkTank: Ahead of tonight's #GOPDebate ColleenMNelson explains how a bad debate can derail a campaign: Û_ http://t.co/XyxTuACZvb,0
530,1717,2478,collided,,The 2 cars right in front of me collided and If I hadnt stopped in time it would've been me too. #ButGod ????,1
90,4705,6689,landslide,,Listen to Landslide by Oh Wonder #SoundCloud https://t.co/SJkgJxff2r,0
1675,382,551,arson,USA,Thousands attend a rally organized by Peace Now protesting the arson attack that took the life of an http://t.co/bvCKd9pdTi,1
4308,3602,5142,fatal,??? ???? ??????,Investigators shift focus to cause of fatal Waimate fire http://t.co/a6Ro9bmXcy,1
5088,5334,7613,pandemonium,Houston TX,Pandemonium In Aba As Woman Delivers Baby Without Face (Photos) - http://t.co/xRP0rTkFfJ,1
2407,3631,5180,fatalities,,I wonder how Cool/Weird It'll look to have all the characters in MKX do fatalities on Skinless Predator ;),0
3215,4521,6423,hurricane,,Bluedio Turbine Hurricane H Bluetooth 4.1 Wireless Stereo Headphones Headset BLK - Full reÛ_ http://t.co/jans3Fd4lf http://t.co/2SdMichb2Z,0
26,1831,2632,crashed,London,This guy bought my car on Tuesday police knocked my door yday cos he crashed n ran &amp; 2day he text me asking not to send the log book????????,1
1588,3559,5087,famine,Ukraine,Reuters: Russian 'food crematoria' provoke outrage amid crisis famine memories http://t.co/SI02QRgukA http://t.co/0C1y8g7E9p,1
3007,6130,8746,siren,London,Big Love @IbeyiOfficial https://t.co/OlnK1TI1NM,0
724,725,1048,bleeding,Nice places ,@King_Naruto_ As long as I see Madara bleeding I'm good ??,0
3260,3972,5646,flooding,Jakarta/Kuala Lumpur/S'pore,Heavy Rainfall and Flooding in Northern #VietNam | Situation Report No.2 http://t.co/hVxu1Zcvau http://t.co/iJmCCMHh5G,1
181,5365,7654,panic,"Linton Hall, VA",Is it time to panic now? https://t.co/OrxDQfz0J0,0
2259,5702,8137,rescued,Boston MA,I liked a @YouTube video http://t.co/FNpDJwVw1j Homeless dog living in a cardboard box gets rescued &amp; has a heartwarming,0
